,,,,,ORDER DATE ,12/22/2025,,Last Update:,"Wednesday, 12/03/25",,,
,,,,,PO # ,TBD,,,,,,
DOE Vendor ID: LIC117661,,,,,QUOTE # ,28Q082x122225,,Title:,Secondary Contacts Here,person 1,person 2,person 3
36-56 34th St.,,,,,CUSTOMER NAME ,Quanisha Williams,,,Customer Name:,,,
"Long Island City, NY 11106",,,,,EMAIL ,QWilliams@schools.nyc.gov,,,Phone Number:,,,
E: ORDERS@KOMMISSARY.COM     P: 888-676-2892,,,,,PHONE ,"(718) 526-4139 Ext. 2131
Cell: 929-726-1816",,,Email Address:,,,
,,,,,,,,,,,,
BILL TO :  28Q082,,,,,SHIP TO,,,,,,,
P.S. 082 - The Hammond School,,,,,P.S. 082 - The Hammond School,,,,,,,
88-02 144 STREET,,,,,88-02 144 STREET,,,,,,,
"Queens, NY 11435",,,,,"Queens, NY 11435",,,,,,,
,,,,,"Quanisha Williams, (718) 526-4139 Ext. 2131
Cell: 929-726-1816",,,,,,,
,,,,,,,,,,,,
Ice Cream or Sandwich or Thanksgiving Protein included: (Formula),,,,No,,,,,,,,
NOTES,,,,,Requested Delivery Date : ,"Monday, 01/05/26",,,,,,
,,,,,Delivery Window : ,School Hours,,,,,,
,,,,,,,,,,,,
CATEGORY,DESCRIPTION,From Bundle,QTY ORDERED,TOTAL QTY,PRICE,TOTAL $,,SKU,Links,latest price,,
Kit,Kommissary Tiger Bundle,,,0.00,$100.00,$0.00,,openPO,,,,
Kit,Shelf Stable Pantry Kit,,,0.00,$25.00,$0.00,,KOM001211,,,,
Kit,Shelf Stable Pantry Kit in Drawstring Bag,,,0.00,$27.00,$0.00,,KOM002774,,,,
Kit,Female Hygiene Kits *NEW CONTENTS !,,,0.00,$25.00,$0.00,,KOMHYGFEM,,,,
Kit,Male Hygiene Kits * NEW CONTENTS !,,,0.00,$25.00,$0.00,,KOMHYGMAL,,,,
Kit,Kommissary Laundry Kit,,,0.00,$70.00,$0.00,,KOM003242,,,,
"Christmas: 
Kit","Kommissary Christmas Kit
(A Set of a Box and a Bag)",,,0.00,$60.00,$0.00,,KOMXMAS,,,,
Bundle,The Dorm Room Chef,,,0.00,$500.00,$0.00,,dormroom,,,,
Bundle,The Snack Stash,,,0.00,$500.00,$0.00,,snackstash,,,,
Bundle,The Guilt-free Goodies,,,0.00,$500.00,$0.00,,guiltfree,,,,
Bundle,The Glow Up Pack,,,0.00,$500.00,$0.00,,glowup,,,,
ICE CREAM,Blue Bunny Chocolate Ice Cream Cup (48 pk/4 oz) *Kosher,,,0.00,$48.00,$0.00,,8436496,,,,
ICE CREAM,Blue Bunny Vanilla Ice Cream Cup (48 pk/4 oz) *Kosher,,,0.00,$48.00,$0.00,,7941261,,,,
ICE CREAM,Blue Bunny Strawberry Ice Cream Cup (48 pk/4 oz) *Kosher,,,0.00,$48.00,$0.00,,6284634,,,,
ICE CREAM,Luigi's Italian Ice Cherry Intermezzo Cup (72 pk/4 oz) *Kosher,,,0.00,$81.00,$0.00,,9047317,,,,
ICE CREAM,Luigi's Italian Ice Lemon Intermezzo Cup (72 pk/4 oz) *Kosher,,,0.00,$81.00,$0.00,,1057041,,,,
ICE CREAM,Luigi's Italian Ice Orange Intermezzo Cup (72 pk/4 oz) *Kosher,,,0.00,$81.00,$0.00,,9057035,,,,
ICE CREAM,Haagen-Dazs Strawberry Ice Cream Cup (12 pk/3.6 oz) *Kosher,,,0.00,$32.00,$0.00,,1917632,,,,
ICE CREAM,Haagen-Dazs Dulce de Leche Ice Cream Cup (12 pk/3.6 oz) *Kosher,,,0.00,$32.00,$0.00,,1867902,,,,
ICE CREAM,Haagen-Dazs Vanilla Ice Cream Cup (12 pk/3.6 oz) *Kosher,,,0.00,$32.00,$0.00,,1921626,,,,
ICE CREAM,Good Humor Cookie & Cream Ice Cream Oreo Bar (24 ct/4 oz) *Kosher,,,0.00,$48.00,$0.00,,2427193,,,,
ICE CREAM,Good Humor Strawberry Shortcake Ice Cream Bar (24 ct/4 oz) *Kosher,,,0.00,$48.00,$0.00,,6240097,,,,
ICE CREAM,Good Humor Chocolate Eclair Ice Cream Bar (24 ct/4 oz) *Kosher,,,0.00,$48.00,$0.00,,7249337,,,,
ICE CREAM,Haagen-Dazs Chocolate Coated Vanilla Bar (12 ct/3 oz) *Kosher,,,0.00,$54.00,$0.00,,3045395,,,,
ICE CREAM,Haagen-Dazs Chocolate & Almond Coated Vanilla Bar (12 ct/3 oz) *Kosher,,,0.00,$54.00,$0.00,,4662519,,,,
ICE CREAM,"Bomb Pop Popsicle Original: Mixed Flavor of Cherry, Lime, Raspberry (24 ct/3.75 oz) *Kosher",,,0.00,$48.00,$0.00,,3988306,,,,
ICE CREAM,"Bomb Pop Popsicle Nerds: Mixed Flavor of Strawberry, Watermelon, Grape (24 ct/3.75 oz) *Kosher",,,0.00,$48.00,$0.00,,1008417,,,,
ICE CREAM,Teenage Ninja Mutant Turtles Ice Cream Bar (18 ct/3.5 oz) *Kosher,,,0.00,$36.00,$0.00,,1024920,,,,
ICE CREAM,Blue Bunny Vanilla Ice Cream Cone (24 ct/4.6 oz) *Kosher,,,0.00,$64.00,$0.00,,7175128,,,,
ICE CREAM,Good Humor Reese's Peanut Butter Ice Cream Bar (24 ct/3.3 oz) *Kosher,,,0.00,$48.00,$0.00,,1945070,,,,
ICE CREAM,Klondike Vanilla Original Giant Bar (24 ct/5.5 oz) *Kosher,,,0.00,$64.00,$0.00,,4997318,,,,
ICE CREAM,Klondike Oreo Ice Cream Sandwich (24 ct/4.5 oz),,,0.00,$64.00,$0.00,,6601025,,,,
ICE CREAM,Nestle Toll House Chocolate Chip Ice Cream Sandwich (12 ct/6 oz) *Kosher,,,0.00,$60.00,$0.00,,2772234,,,,
ICE CREAM,Blue Bunny Blue Ribbon Vanilla with Chocolate Cookie Ice Cream Sandwich (48 ct/3.5 oz) *Kosher,,,0.00,$48.00,$0.00,,5109822,,,,
ICE CREAM,Nightingale Chocolate Ice Cream Sandwich (24 ct/2.6 oz),,,0.00,$72.00,$0.00,,1227829,,,,
ICE CREAM,Nightingale Strawberry Ice Cream Sandwich (24 ct/2.6 oz),,,0.00,$72.00,$0.00,,1227830,,,,
Sprinkles,Rainbow Sprinkles (2.2 lbs),,,0.00,$32.00,$0.00,,B0BTJ5MXDZ,,,,
Sprinkles,Chocolate Sprinkles (2.2 lbs),,,0.00,$32.00,$0.00,,B072KL63T3,,,,
Syrup,"Hershey Dessert Syrup 3 Flavor Variety Pack: Chocolate (24 oz) & Caramel, Strawberry (22 oz)",,,0.00,$32.00,$0.00,,B0FFHF8Y7Y,,,,
Spoon,Individually Wrapped Wooden Ice Cream Spoon (100 ct),,,0.00,$14.00,$0.00,,B08926B3ZP,,,,
Cooler,Igloo Glide Cooler (110 Quart),,,0.00,$230.00,$0.00,,B08RLBF7N1,,,,
Beverages,Capri Sun Flavored Juice Drink Blend Variety Pack (40 ct/6 fl. oz),,,0.00,$22.00,$0.00,,28540,,,,
Beverages,Juicy Juice Variety Pack (32 ct/6.75 oz),,,0.00,$20.00,$0.00,,227421,,,,
Beverages,Dole 100% Pineapple Juice Cans (24 pk/8 oz),,,0.00,$32.00,$0.00,,329011,,,,
Beverages,Mott's 100% Original Apple Juice (24 pk/8 fl. oz),,,0.00,$24.00,$0.00,,16548,,,,
Beverages,"Apple & Eve Fruit Juice Variety Pack (Fruit Punch, Apple, Very Berry) (36 ct/6.7 oz)",,,0.00,$21.00,$0.00,,22230,,,,
Beverages,Hawaiian Punch Variety Pack Juice Drink (24 pk/10 fl. oz),,,0.00,$21.00,$0.00,,295444,,,,
Beverages,Ocean Spray Tropical Variety Pack (24 ct/10 oz),,,0.00,$30.00,$0.00,,269080,,,,
Beverages,Welch's Juice Drink Variety Pack (24 pk/10 oz),,,0.00,$26.50,$0.00,,356611,,,,
Beverages,Tropicana 100% Juice Orange Blend (24 pk/10 oz),,,0.00,$31.00,$0.00,,341914,,,,
Beverages,Snapple Juice Drink Variety Pack (24 pk/20 fl. oz),,,0.00,$39.50,$0.00,,24132,,,,
Beverages,Honest Kids Juice Boxes Variety Pack (40 ct/6 oz),,,0.00,$28.00,$0.00,,281810,,,,
Beverages,Gatorade Thirst Quencher Variety (28 pk/12 fl. oz),,,0.00,$31.00,$0.00,,28833,,,,
Beverages,Gatorade Thirst Quencher Zero Sugar 3-Flavor Pack (28 pk/12 oz),,,0.00,$31.00,$0.00,,222079,,,,
Beverages,Pedialyte Advanced Care+ Liter Pack - Berry Frost (3 ct/1 L),,,0.00,$22.00,$0.00,,316927,,,,
Beverages,Yoohoo Chocolate Drink (40 pk/6.5 fl. oz),,,0.00,$26.00,$0.00,,234352,,,,
Beverages,Horizon Organic Shelf-Stable 1% Low Fat Chocolate Milk (18 pk/8 fl. oz),,,0.00,$36.00,$0.00,,31189,,,,
Beverages,Califia Oat Milk Barista Blend (12 pk/32 oz),,,0.00,$47.00,$0.00,,1063371,,,,
Beverages,Almond Breeze Unsweetened Original Almond Milk (6 pk/32 oz),,,0.00,$17.00,$0.00,,106080,,,,
Beverages,Almond Breeze Unsweetened Vanilla Almond Milk (6 pk/32 oz),,,0.00,$17.00,$0.00,,322424,,,,
Beverages,Silk Soy Milk Original (12 pk/1 qt),,,0.00,$36.00,$0.00,,6872105,,,,
Beverages,Farmland Shelf Stable 1% Milk (27 ct/8 oz),,,0.00,$31.00,$0.00,,295,,,,
Beverages,Shelf Stable 1% Aseptic Milk (12 ct/32 oz),,,0.00,$39.30,$0.00,,1040325,,,,
Beverages,Poland Spring Water (48 ct/8 oz),,8,8.00,$20.00,$160.00,,5550,,,,
Beverages,Poland Spring Water (40 ct/16.9 oz),,,0.00,$18.00,$0.00,,48209,,,,
Beverages,Saratoga Spring Water - STILL Water (24 pk/12 oz),,,0.00,$34.00,$0.00,,1319193,,,,
Beverages,Saratoga Spring Water - STILL Water (12 pk/28 oz),,,0.00,$34.00,$0.00,,3161023,,,,
Beverages,Saratoga Spring Water - SPARKLING Water (24 pk/12 oz),,,0.00,$34.00,$0.00,,1292481,,,,
Beverages,Saratoga Spring Water - SPARKLING Water (12 pk/28 oz),,,0.00,$34.00,$0.00,,4161022,,,,
Beverages,S.Pellegrino Sparkling Natural Mineral Water Plastic Bottles (24 ct/16.9 fl. oz),,,0.00,$38.00,$0.00,,30747,,,,
Beverages,LaCroix Sparkling Variety Pack (24 pk/12 oz),,,0.00,$18.50,$0.00,,20883,,,,
Beverages,Polar Seltzer Cans Variety Pack (30 pk/12 oz),,,0.00,$20.00,$0.00,,336801,,,,
Beverages,FIJI Water (24 pk/16.9 oz),,,0.00,$35.50,$0.00,,32115,,,,
Beverages,Arizona Green Tea with Ginseng and Honey (24 pk/16 oz),,,0.00,$22.00,$0.00,,12162,,,,
Beverages,AriZona Lemon Iced Tea (12 pk/16 oz),,,0.00,$16.80,$0.00,,B004UKHAF4,,,,
Beverages,Arizona Arnold Palmer Half & Half Ice Tea Lemonade (30 pk/11.5 oz),,,0.00,$26.00,$0.00,,31773,,,,
Beverages,Lipton Brisk Lemon Iced Tea Cans (36 pk/12 oz),,,0.00,$39.00,$0.00,,13858,,,,
Beverages,Snapple Lemon Tea Naturally Flavored (24 pk/16 oz),,,0.00,$41.00,$0.00,,655012,,,,
Beverages,Snapple Peach Tea Naturally Flavored (24 pk/16 oz),,,0.00,$41.00,$0.00,,9884391,,,,
Beverages,Coca-Cola Original Cans (35 pk/12 fl. oz),,,0.00,$36.00,$0.00,,38045,,,,
Beverages,Coca-Cola Zero Sugar Cans (35 pk/12 fl. oz),,,0.00,$36.00,$0.00,,38047,,,,
Beverages,Diet Coke Soda Cans (35 pk/12 oz),,,0.00,$36.00,$0.00,,38048,,,,
Beverages,"Coca-Cola Mini Cans Variety Pack (30 pk/7.5 oz; 10 pk of Coca-cola Cherry, Sprite, Fanta Orange)",,,0.00,$40.00,$0.00,,227026,,,,
Beverages,Pepsi Cola Cans (36 ct/12 oz),,,0.00,$37.50,$0.00,,16852,,,,
Beverages,Sprite Original Soda Cans (35 pk/12 oz),,,0.00,$36.00,$0.00,,38046,,,,
Beverages,Canada Dry Ginger Ale (24 ct/12 fl. oz),,,0.00,$31.00,$0.00,,130940,,,,
Beverages,Dr. Pepper Cans (35 pk/12 oz),,,0.00,$36.00,$0.00,,38120,,,,
Beverages,Sunkist Orange Soda Can (24 ct/12 oz),,,0.00,$32.00,$0.00,,140864,,,,
Beverages,OLIPOP Prebiotic Soda Pop Variety Pack (12 pk/12 oz),,,0.00,$38.00,$0.00,,B0DWH3NDP5,,,,
Beverages,Poppi Prebiotic Soda Variety Pack (15 pk/12 fl. oz),,,0.00,$42.00,$0.00,,343280,,,,
Beverages,Celsius Vibe Variety Pack (18 ct/12 oz),,,0.00,$42.00,$0.00,,309508,,,,
Beverages,PediaSure Grow & Gain Kids Nutritional Shake Strawberry (24 pk/8 fl. oz),,,0.00,$67.50,$0.00,,19668,,,,
Beverages,PediaSure Grow & Gain Kids' Nutritional Shake Vanilla (24 pk/8 fl. oz),,,0.00,$67.50,$0.00,,13509,,,,
Beverages,Ensure Original Vanilla Nutrition Shake 9g Protein (24 pk/8 fl. oz),,,0.00,$62.00,$0.00,,869678,,,,
Beverages,Ensure Original Strawberry Nutrition Shake 9g Protein (24 pk/8 fl. oz),,,0.00,$62.00,$0.00,,30678,,,,
Beverages,Premier Protein Vanilla Ready to Drink Shake (15 ct/11 oz),,,0.00,$51.00,$0.00,,275618,,,,
Beverages,Premier Protein Chocolate Ready to Drink Shake (15 ct/11 oz),,,0.00,$51.00,$0.00,,275526,,,,
Beverages,OWYN 30g Protein Shake Zero Sugar Vanilla (15 ct/11.15 oz),,,0.00,$42.00,$0.00,,319258,,,,
Beverages,OWYN 30g Protein Shake Zero Sugar Chocolate (15 ct/11.15 oz),,,0.00,$42.00,$0.00,,294347,,,,
Beverages,Carnation Breakfast Essentials Nutritional Chocolate Drink Mix (30 packets),,,0.00,$19.00,$0.00,,226832,,,,
Beverages,Boost High 20g Protein Chocolate Nutritional Shake (28 ct/8 oz),,,0.00,$62.00,$0.00,,319710,,,,
Beverages,Lipton Lemon Iced Tea Mix (38 qt),,,0.00,$15.00,$0.00,,11243,,,,
Beverages,Crystal Light Peach Tea Sticks (16 ct),,,0.00,$15.00,$0.00,,28817,,,,
Beverages,Crystal Light Lemon Iced Tea Sticks (16 ct),,,0.00,$15.00,$0.00,,28818,,,,
Beverages,Nesquik Chocolate Flavored Powder (44.9 oz),,,0.00,$21.00,$0.00,,36487,,,,
Beverages,Propel Powder Variety Pack (40 packets),,,0.00,$26.00,$0.00,,165113,,,,
Beverages,Vita Coco Coconut Water (18 ct/11 oz),,,0.00,$38.50,$0.00,,265423,,,,
Coffee,"Mr. Coffee Coffee Maker, Rapid Brew (12 cups)",,,0.00,$64.00,$0.00,,313485,,,,
Coffee,45 Cups Double Wall Stainless Steel Coffee Percolator,,,0.00,$150.00,$0.00,,177cu45etl,,,,
Coffee,Melitta #4 Cone Coffee Filters (300 ct),,,0.00,$15.00,$0.00,,258377,,,,
Coffee,La Colombe Coffee Draft Latte Variety Pack (12 pk/9 fl. oz),,,0.00,$35.00,$0.00,,322426,,,,
Coffee,Starbucks Mocha Frappuccino (15 ct/9.5 oz),,,0.00,$42.00,$0.00,,66248,,,,
Coffee,Starbucks Vanilla Frappuccino (15 ct/9.5 oz),,,0.00,$42.00,$0.00,,66234,,,,
Coffee,Cafe Bustelo Espresso Ground Coffee (4 pk/10 oz),,,0.00,$33.00,$0.00,,4064,,,,
Coffee,Cafe Bustelo Espresso Ground Coffee Canister (46 oz),,,0.00,$42.00,$0.00,,274893,,,,
Coffee,Starbucks Caffe Verona Dark Roast Ground Coffee (40 oz),,,0.00,$38.00,$0.00,,164268,,,,
Coffee,Starbucks Pike Place Roast Medium Roast Ground Coffee (40 oz),,,0.00,$38.00,$0.00,,164292,,,,
Coffee,Dunkin' Donuts Original Blend Medium Roast Ground Coffee (40 oz),,,0.00,$45.00,$0.00,,341668,,,,
Coffee,Folgers Classic Roast Ground Coffee (43.5 oz),,,0.00,$39.00,$0.00,,294432,,,,
Coffee,Maxwell House Medium Roast Original Ground Coffee (43.1 oz),,,0.00,$29.00,$0.00,,328157,,,,
Coffee,Stumptown Organic Medium Roast Ground Holler Mtn. Pack of 3 (3 pk/12 oz),,,0.00,$71.00,$0.00,,B0DVSTPQ4P,,,,
Coffee,Illy Ground Drip Coffee Classico Medium Roast (6 pk/8.8 oz),,,0.00,$128.00,$0.00,,B01K8WYF82,,,,
Coffee,Sugar In The Raw Brown Sugar (400 pk/case),,,0.00,$24.00,$0.00,,B07KCBTN7K,,,,
Coffee,"Equal 0 Calorie Sweetener (1,000 ct/3 oz)",,,0.00,$22.00,$0.00,,31453,,,,
Coffee,"Splenda (1,000 ct)",,,0.00,$36.50,$0.00,,297254,,,,
Coffee,Truvia Calorie-Free Sweetener (400 ct),,,0.00,$31.50,$0.00,,159834,,,,
Coffee,"Domino Sugar Packets (2,000 ct)",,,0.00,$22.00,$0.00,,5097,,,,
Coffee,Coffee Mate Original Powdered Coffee Creamer (56.015 oz),,,0.00,$15.50,$0.00,,97739,,,,
Coffee,"Nestle CoffeeMate Creamer 3 Flavor Pack (50ct of Original, Hazelnut, French Vanilla)",,,0.00,$46.00,$0.00,,12408209,,,,
Coffee Pods,Keurig Single Serve K-Cup Pod Coffee Maker (6 to 12 oz),,,0.00,$140.00,$0.00,,K-Mini,,,,
Coffee Pods,"Keurig Single Serve K-Cup Pod Coffee Maker, 4 Brew Sizes (66 oz)",,,0.00,$238.00,$0.00,,B0892TW82K,,,,
Coffee Pods,"Maxwell House, Medium Roast K-Cup (100 ct)",,,0.00,$72.00,$0.00,,57012,,,,
Coffee Pods,Cafe Bustelo Espresso K-Cup (80 ct),,,0.00,$63.00,$0.00,,33580,,,,
Coffee Pods,Dunkin' Donuts Original Blend K-Cup Pods (72 ct),,,0.00,$76.50,$0.00,,85444,,,,
Coffee Pods,Dunkin' Donuts Original Blend Decaf K-Cup Pods (54 ct),,,0.00,$67.50,$0.00,,115798,,,,
Coffee Pods,Starbucks Pike Place Roast Medium Roast K-Cup Pods (72 ct),,,0.00,$78.00,$0.00,,226601,,,,
Coffee Pods,Starbucks French Dark Roast K-Cup (72 ct),,,0.00,$78.00,$0.00,,78531,,,,
Coffee Pods,La Colombe Coffee Nizza Medium Roast K-Cup (20 ct),,,0.00,$29.00,$0.00,,B0CP61HV4M,,,,
Coffee Pods,The Original Donut Shop Medium Roast K-Cup (96 ct),,,0.00,$72.00,$0.00,,5000202614,,,,
Coffee Pods,Tim Hortons Original Blend Medium Roast K-Cup (72 ct),,,0.00,$59.00,$0.00,,B07S9H32X5,,,,
Coffee Pods,Illy Coffee Classico Roast K-Cup (32 ct),,,0.00,$46.00,$0.00,,B07R36NQ1Z,,,,
Hot Beverage,Electric Kettle for Hot Water and Tea (1.7 Liter),,,0.00,$40.00,$0.00,,B084KQTCQW,,,,
Hot Beverage,Maud's Blend Organic Tea Pods 9 Flavor Variety Pack (48 ct),,,0.00,$45.00,$0.00,,B08GNXR89K,,,,
Hot Beverage,Bigelow Caffeine Free Chamomile Herbal Tea (100 ct),,,0.00,$16.00,$0.00,,78520,,,,
Hot Beverage,Bigelow Organic Green Tea (150 ct),,,0.00,$19.00,$0.00,,253561,,,,
Hot Beverage,Lipton Tea Bags (312 ct),,,0.00,$22.50,$0.00,,35335,,,,
Hot Beverage,Twinings Earl Grey Black Tea (100 ct),,,0.00,$18.00,$0.00,,B009UQXD90,,,,
Hot Beverage,Swiss Miss Hot Cocoa Mix (50 pk/1.38 oz),,,0.00,$17.00,$0.00,,180144,,,,
Hot Beverage,Swiss Miss Hot Cocoa Mix (6 pk/50 packets),,,0.00,$72.00,$0.00,,2688547,,,,
Hot Beverage,Nestle Hot Chocolate Powder (50 packets),,,0.00,$31.00,$0.00,,B00281PIBA,,,,
Hot Beverage,Keurig Cleaner Pods (12 ct),,,0.00,$26.00,$0.00,,B0997HLPHW,,,,
Bakery,"Rockland Bakery 10"" Apple Pie (5 Pie Set)",,,0.00,$135.00,$0.00,,5944,,,,
Bakery,"Rockland Bakery 10"" Pumpkin Pie (5 Pie Set)",,,0.00,$135.00,$0.00,,4965,,,,
Bakery,Large Plain Butter Croissant Individually Wrapped (5 Dozen Set),,,0.00,$135.00,$0.00,,8192 (Kabir's Bakery),,,,
Bakery,"Chocolate Croissant Wrapped, Large (5 dozen set)",,,0.00,$150.00,$0.00,,4882 (Kabir's Bakery),,,,
Bakery,"Rockland Bakery, White Bread, Fresh 1.5LB (1 Loaf). Increment order of 10x loaves",,,0.00,$50.00,$0.00,,KOM003736,,,,
Bakery,"Rockland Bakery, Bread Whole Wheat, Fresh 1.5LB (1 Loaf). Increment order of 10x loaves",,,0.00,$50.00,$0.00,,KOM003737,,,,
Bakery,"Mannys Jumbo Loaf Slice Wrapped (5 dozen set) Choose from: Banana Nut, Carrot, Chocolate Chip, Iced Lemon, Marble",,,0.00,$150.00,$0.00,,12416,,,,
Bakery,"Premier Pastries Donuts, Wrapped (5 dozen set). Choose from Boston Cream, Jelly, Pink Frosted, Vanilla Frosting, Chocolate Frosting, Double Glazed",,,0.00,$150.00,$0.00,,3402,,,,
Bakery,"Large Yogurt Muffin Individually Wrapped 5 Dozen Set *Choose Flavor from: Banana Nut, Blueberry, Corn, Orange, Chocolate Chip",,,0.00,$165.00,$0.00,,12249,,,,
Bakery,"Muffins 'n Stuff Black & White Cookie Wrapped, Large (5 dozen set)",,,0.00,$150.00,$0.00,,2197,,,,
Breakfast,Kellogg's Cold Breakfast Cereal Single Serve Variety Pack (25 pk),,,0.00,$22.00,$0.00,,308977,,,,
Breakfast,Kellogg's Breakfast Cereal Cups Variety Pack (96 ct/0.75-1 oz),,,0.00,$100.00,$0.00,,B000CSCP1C,,,,
Breakfast,Kellogg's Frosted Flakes Bowl (96 ct/1 oz),,,0.00,$96.00,$0.00,,7003080,,,,
Breakfast,Honey Nut Cheerios Whole Grain (96 ct/1 oz),,,0.00,$96.00,$0.00,,4017828,,,,
Breakfast,Apple Cinnamon Cheerios Whole Grain (96 ct/1 oz),,,0.00,$96.00,$0.00,,6967319,,,,
Breakfast,CoCo Puffs Reduced Sugar Whole Grain (96 ct/1 oz),,,0.00,$96.00,$0.00,,31888000,,,,
Breakfast,Cinnamon Toast Crunch Reduced Sugar Whole Grain (96 ct/1 oz),,,0.00,$96.00,$0.00,,536200,,,,
Breakfast,belVita Blueberry Breakfast Biscuits (25 pk/4 ea),,,0.00,$22.50,$0.00,,57166,,,,
Breakfast,belVita Cinnamon Brown Sugar Breakfast Biscuits (25 pk/4 ea),,,0.00,$22.50,$0.00,,57219,,,,
Breakfast,Smucker's Uncrustables: Thaw & Eat! (Frozen) (48 ct/2.6 oz; Peanut Butter + Grape Jelly),,,0.00,$60.00,$0.00,,1010082,,,,
Breakfast,Smucker's Uncrustables: Thaw & Eat! (Frozen) Peanut Butter & Strawberry Jam (48 ct/2.6 oz),,,0.00,$60.00,$0.00,,1010083,,,,
Breakfast,Quaker Oatmeal Pouches 3 Flavor Variety Pack (52 ct/1.46 oz),,,0.00,$24.50,$0.00,,26298,,,,
Breakfast,Quaker Oatmeal Bowl Apple Cinnamon (24 ct/1.51 oz),,,0.00,$36.00,$0.00,,7884356,,,,
Breakfast,Quaker Oatmeal Bowl Maple Brown Sugar (24 ct/1.69 oz),,,0.00,$36.00,$0.00,,7892037,,,,
Baby Food,Gerber Natural for Toddler 12+ Months (12 pk/3.5 oz),,,0.00,$22.50,$0.00,,151771,,,,
Baby Food,Gerber Baby Snacks For Baby Puffs (8 pk/1.48 oz),,,0.00,$29.00,$0.00,,88361,,,,
Baby Food,Gerber Baby Snacks Lil Crunchies (8 pk/1.48 oz),,,0.00,$27.00,$0.00,,92269,,,,
Baby Food,Happy Baby Organic Fruit and Oat Variety Pack (12 ct/4 oz),,,0.00,$25.00,$0.00,,328295,,,,
Baby Food,Beech-Nut Veggies and Fruities Stage 2 (18 pk/3.5 oz),,,0.00,$29.00,$0.00,,328491,,,,
Fresh Produce,Little Potato Co. Little Duos (3 lbs),,,0.00,$8.50,$0.00,,41259,,,,
Fresh Produce,Idaho Potatoes (5 lbs),,,0.00,$7.00,$0.00,,60745,,,,
Fresh Produce,Sweet Potatoes (3 lbs),,,0.00,$5.00,$0.00,,244767,,,,
Fresh Produce,Organic Whole Garlic (5 ct),,,0.00,$6.00,$0.00,,30470,,,,
Fresh Produce,Yellow Onions (3 lbs),,,0.00,$5.00,$0.00,,18630,,,,
Fresh Produce,Red Onions (3 lbs),,,0.00,$7.00,$0.00,,18632,,,,
Fresh Produce,Whole Carrot (5 lbs),,,0.00,$8.00,$0.00,,14134,,,,
Fresh Produce,Lemons (2 lbs),,,0.00,$7.00,$0.00,,86823,,,,
Fresh Produce,Mandarins (5 lbs),,,0.00,$12.00,$0.00,,295275,,,,
Fresh Produce,Bananas (3 lbs),,,0.00,$5.00,$0.00,,14526,,,,
Pantry,Del Monte Sweet Peas (8 pk/15 oz),,,0.00,$16.00,$0.00,,314910,,,,
Pantry,Del Monte Canned Cut Green Beans (12 pk/15.25 oz),,,0.00,$22.00,$0.00,,28035,,,,
Pantry,Del Monte Canned Cut Corn (12 pk/15.25 oz),,,0.00,$22.00,$0.00,,34444,,,,
Pantry,Pearls Large Pitted Ripe Black Olives (16 pk/1.2 oz),,,0.00,$20.50,$0.00,,30942,,,,
Pantry,Goya Pinto Beans (8 pk/15.5 oz),,,0.00,$15.00,$0.00,,284511,,,,
Pantry,Goya Red Kidney Beans (8 pk/15.5 oz),,,0.00,$15.00,$0.00,,60429,,,,
Pantry,Goya Black Beans (8 pk/15.5 oz),,,0.00,$15.00,$0.00,,60525,,,,
Pantry,Goya Chick Peas (8 pk/15.5 oz),,,0.00,$15.00,$0.00,,60540,,,,
Pantry,Bush's Original Baked Beans (8 pk/16.5 oz),,,0.00,$22.00,$0.00,,15860,,,,
Pantry,Hormel Mary's Kitchen Corned Beef Hash (6 pk/14 oz),,,0.00,$24.00,$0.00,,108251,,,,
Pantry,Hormel Chili with Beans Cans (6 ct/15 oz),,,0.00,$17.00,$0.00,,136296,,,,
Pantry,Libby's Vienna Sausage (18 ct/4.6 oz),,,0.00,$22.50,$0.00,,30035,,,,
Pantry,"Spam, 25% Less Sodium (6 pk/12 oz)",,,0.00,$29.00,$0.00,,31704,,,,
Pantry,Starkist Light Tuna Pouches (10 ct/2.6 oz),,,0.00,$18.00,$0.00,,59535,,,,
Pantry,Genova Yellowfin Tuna in Olive Oil (8 pk/5 oz),,,0.00,$24.50,$0.00,,58851,,,,
Pantry,Bumble Bee Solid White Albacore Tuna in Water (8 pk/5 oz),,,0.00,$19.50,$0.00,,23931,,,,
Pantry,Bumble Bee Skinless and Boneless Wild Pink Salmon (5 pk/5 oz),,,0.00,$15.00,$0.00,,215839,,,,
Pantry,Bumble Bee Snack Chicken Salad Kit with Crackers (12 pk),,,0.00,$30.80,$0.00,,8660070350,,,,
Pantry,Bumble Bee Snack Tuna Salad Kit with Crackers (12 pk),,,0.00,$30.80,$0.00,,B0C26RXK4M,,,,
Pantry,Ben's Original Ready Rice (6 ct/8.5 oz),,,0.00,$22.00,$0.00,,B07GBJ2D23,,,,
Pantry,Prego Traditional Pasta Sauce (3 pk/45 oz),,,0.00,$18.00,$0.00,,242791,,,,
Pantry,"Ragu Chunky Tomato, Garlic and Onion Pasta Sauce (3 pk/45 oz)",,,0.00,$16.00,$0.00,,10898,,,,
Pantry,"Barilla Penne, Spaghetti & Elbows, Non-GMO Kosher (6 pk/1 lb)",,,0.00,$15.00,$0.00,,240871,,,,
Pantry,Barilla Rotini and Farfalle Pasta (6 pk/1 lb),,,0.00,$15.00,$0.00,,25679,,,,
Pantry,Hunt's Tomato Sauce (12 pk/15 oz),,,0.00,$20.00,$0.00,,22142,,,,
Pantry,Hunt's Diced Tomatoes (8 pk/14.5 oz),,,0.00,$17.00,$0.00,,26095,,,,
Pantry,Amy's Organic Lentil Soups (8 pk/14.5 oz),,,0.00,$30.00,$0.00,,57850,,,,
Pantry,Campbell's Tomato Soup Cans (12 ct/10.75 oz),,,0.00,$21.00,$0.00,,8190,,,,
Pantry,Campbell's Chicken Noodle Soup Cans (12 ct/10.75 oz),,,0.00,$21.00,$0.00,,8178,,,,
Pantry,Swanson Chicken Broth Lower Sodium (6 pk/32 oz),,,0.00,$20.00,$0.00,,77926,,,,
Pantry,Swanson 100% Natural Beef Broth (3 pk/32 oz),,,0.00,$12.00,$0.00,,31460,,,,
Pantry,Buttery Homestyle Mashed Potatoes in Pouches (8 pk),,,0.00,$16.00,$0.00,,78402,,,,
Pantry,Chef Boyardee Variety Cups Microwavable (12 ct/7.5 oz),,,0.00,$21.00,$0.00,,84774,,,,
Pantry,Kraft Mac and Cheese Cups Microwavable (12 ct/2.05 oz),,,0.00,$25.00,$0.00,,32304,,,,
Pantry,Annie's Homegrown Organic Mac and Cheese Variety Pack (12 ct/6 oz),,,0.00,$29.00,$0.00,,51929,,,,
Pantry,Velveeta Original Microwavable Pasta (12 pk/2.39 oz),,,0.00,$25.00,$0.00,,33608,,,,
Pantry,Stove Top Stuffing Mix for Chicken (6 pk/6 oz),,,0.00,$14.50,$0.00,,295315,,,,
Pantry,Carolina White Rice - Extra Long Grain (12 ct/2 lb),,,0.00,$48.00,$0.00,,790552,,,,
Pantry,ParExcellence Yellow Rice (3.5 lbs),,,0.00,$11.50,$0.00,,9894,,,,
Pantry,Skippy Peanut Butter Creamy Regular Jar (12 ct/16 oz),,,0.00,$58.00,$0.00,,241203,,,,
Pantry,Smucker's Jelly Grape Squeeze Bottle (12 ct/20 oz),,,0.00,$57.00,$0.00,,241236,,,,
Pantry,Hellmann's Mayonnaise Squeeze Bottle (12 ct/11.5 oz),,,0.00,$90.00,$0.00,,36959,,,,
Pantry,Heinz Tomato Ketchup (16 ct/14 oz),,,0.00,$59.00,$0.00,,302801,,,,
Pantry,Nutella Hazelnut Spread (2 pk/26.5 oz),,,0.00,$23.00,$0.00,,50197,,,,
Pantry,Cholula Hot Sauce Glass Bottles (24 ct/5 oz),,,0.00,$101.00,$0.00,,1285548,,,,
Pantry,Sriracha Chili Sauce Shelf Stable Squeeze Bottle (12 ct/28 oz),,,0.00,$92.00,$0.00,,5290416,,,,
Noodles,Nong Shim SHIN Ramyun Noodle Soup in Bag (16 pk/4.2 oz),,,0.00,$24.00,$0.00,,31698,,,,
Noodles,Nong Shim Hot & Spicy Bowl Noodle Soup Microwavable Bowl (12 pk/3.03 oz),,,0.00,$21.00,$0.00,,29459,,,,
Noodles,Nong Shim Spicy Chicken Bowl Noodle Soup Microwavable Bowl (12 pk/3.03 oz),,,0.00,$21.00,$0.00,,25299,,,,
Noodles,Nong Shim Soon Vegan Kimchi Noodle Soup Microwavable Bowl (6 ct/2.64 oz),,,0.00,$13.00,$0.00,,339686,,,,
Noodles,Samyang Buldak Carbonara Spicy Chicken Ramen Bowl - Non-microwavable (6 pk/3.7 oz),,,0.00,$20.00,$0.00,,332265,,,,
Noodles,Nissin Cup Noodles Chicken Flavor Microwavable (24 ct/2.25 oz),,,0.00,$19.00,$0.00,,144750,,,,
Cooking,Pam Canola Grill & Pan Coating Spray (6 pk/17 oz),,,0.00,$49.00,$0.00,,9009622,,,,
Cooking,La Spagnola Canola Oil Plastic Bottle (12 ct/32 oz),,,0.00,$56.00,$0.00,,351204,,,,
Cooking,Musselman's White Vinegar (12 ct/16 oz),,,0.00,$30.00,$0.00,,552425,,,,
Cooking,Gold Medal All-Purpose Flour (8 ct/5 lbs),,,0.00,$33.00,$0.00,,1533181,,,,
Cooking,Progresso Panko Crispy Bread Crumbs (6 pk/8 oz),,,0.00,$24.00,$0.00,,B075KMGHKR,,,,
Cooking,Arm & Hammer Baking Soda (12 ct/1 lb),,,0.00,$25.00,$0.00,,B0722NB764,,,,
Cooking,Monarch Iodized Table Salt (24 ct/26 oz),,,0.00,$40.00,$0.00,,3329885,,,,
Cooking,McCormick Pure Ground Black Pepper (5 ct/16 oz),,,0.00,$115.00,$0.00,,B010BUE6CG,,,,
Cooking,McCormick Italian Seasoning (5 ct/6.25 oz),,,0.00,$50.00,$0.00,,11845,,,,
Cooking,Goya Sazon with Culantro and Achiote (36 pk/6.3 oz),,,0.00,$9.50,$0.00,,204870,,,,
Cooking,Goya Adobo All Purpose Seasoning (5 ct/28 oz),,,0.00,$55.00,$0.00,,372323,,,,
Cooking,Old Bay Seasoning (5 ct/24 oz),,,0.00,$75.00,$0.00,,82052,,,,
Cooking,Old El Paso Taco Seasoning Mix (10 ct/1 oz),,,0.00,$12.00,$0.00,,322071,,,,
Cooking,Badia Granulated Onion Seasoning (5 ct/20 oz),,,0.00,$52.50,$0.00,,14972,,,,
Cooking,Badia Granulated Garlic Seasoning (5 ct/24 oz),,,0.00,$57.50,$0.00,,14954,,,,
Cooking,Badia Sazon Complete Seasoning (5 ct/1.75 lbs),,,0.00,$67.50,$0.00,,343358,,,,
Cooking,Badia Paprika (5 ct/16 oz),,,0.00,$77.50,$0.00,,14700,,,,
Cooking,Knorr Granulated Chicken Bouillon (3 ct/32 oz),,,0.00,$28.50,$0.00,,B08TMBJMQ6,,,,
Cooking,Kikkoman Shelf Stable Soy Sauce Less Sodium (6 pk/0.5 GA),,,0.00,$78.00,$0.00,,5018395,,,,
Cooking,Goya Coconut Milk (6 pk/13.5 oz),,,0.00,$21.00,$0.00,,338320,,,,
Cooking,Carnation Evaporated Milk (8 ct/12 oz),,,0.00,$21.00,$0.00,,2771,,,,
Cooking,Nestle La Lechera Sweetened Condensed Milk Cans (6 pk/14 fl. oz),,,0.00,$21.00,$0.00,,133837,,,,
Cooking,Domino Pure Cane Granulated Sugar (24 ct/1 lb),,,0.00,$49.00,$0.00,,9482506,,,,
Cooking,Domino Dark Brown Granulated Sugar (24 ct/1 lb),,,0.00,$49.00,$0.00,,3002276,,,,
Fruit Snacks,Mott's Applesauce Cups No Sugar Added Variety Pack (36 ct/3.9 oz),,,0.00,$19.00,$0.00,,292301,,,,
Fruit Snacks,GoGo SqueeZ Organic Applesauce Variety Pack (24 pk/3.2 oz),,,0.00,$24.00,$0.00,,236793,,,,
Fruit Snacks,Mott's Fruit Flavored Snacks (90 ct/0.8 oz),,,0.00,$18.50,$0.00,,66002,,,,
Fruit Snacks,Welch's Mixed Fruit Snacks (90 ct/0.8 oz),,,0.00,$21.00,$0.00,,235070,,,,
Fruit Snacks,Dole Fruit Cups (36 ct/4 oz),,,0.00,$30.00,$0.00,,9324963,,,,
Fruit Snacks,Skittles Original Real Fruit Juice Fruit Snacks (42 ct),,,0.00,$18.00,$0.00,,328155,,,,
Fruit Snacks,Gushers Strawberry Splash and Tropical Flavor Fruit Snacks (42 ct/0.8 oz),,,0.00,$22.50,$0.00,,199179,,,,
Fruit Snacks,Fruit by the Foot Variety Pack (48 ct),,,0.00,$27.00,$0.00,,221506,,,,
Fruit Snacks,Fruit Roll-Ups (72 ct),,,0.00,$27.00,$0.00,,289124,,,,
Fruit Snacks,Sun Maid Raisin Seedless Bulk Pack (24 pk/12 oz),,,0.00,$96.00,$0.00,,1917525,,,,
Fruit Snacks,Fla-Vor-Ice Popsicle Freezer Bars Variety Pack (100 ct/1.5 oz),,,0.00,$16.00,$0.00,,B005LURDJK,,,,
Snacks,Ritz Original Crackers (18 Sleeves),,,0.00,$20.00,$0.00,,37154,,,,
Snacks,Ritz Bits Cheese Crackers (30 ct/1.5 oz),,,0.00,$20.00,$0.00,,148570,,,,
Snacks,Premium Original Saltine Crackers (12 Sleeves),,,0.00,$17.50,$0.00,,12464,,,,
Snacks,Keebler Club Cracker Snack Stacks (24 Sleeves),,,0.00,$14.00,$0.00,,68455,,,,
Snacks,Cheez-It White Cheddar Baked Snack Pack (45 ct/1.5 oz),,,0.00,$22.50,$0.00,,152630,,,,
Snacks,Cheez-It Whole Grain Bundle (175 ct/0.75 oz),,,0.00,$75.00,$0.00,,7612294,,,,
Snacks,Goldfish Crackers Sweet & Savory Variety Snack Packs (45 pk/1.5 oz),,,0.00,$26.00,$0.00,,93647,,,,
Snacks,Goldfish Whole Grain Pretzel Snacks (300 ct/0.75 oz),,,0.00,$96.00,$0.00,,6358444,,,,
Snacks,Lance Sandwich Crackers Variety Pack (36 ct),,,0.00,$20.00,$0.00,,31799,,,,
Snacks,Lance Sandwich Crackers Toasty Peanut Butter (40 ct),,,0.00,$18.00,$0.00,,321719,,,,
Snacks,Honey Maid Honey Graham Crackers (4 pk/14.4 oz),,,0.00,$17.00,$0.00,,19256,,,,
Snacks,Snack Pack Chocolate and Vanilla Pudding Variety Pack (36 ct/3.25 oz),,,0.00,$16.50,$0.00,,28058,,,,
Snacks,Snyder's Hanover Mini Pretzels (36 ct/0.92 oz),,,0.00,$14.00,$0.00,,26812,,,,
Snacks,Snack Factory Pretzel Crisps Original (26 oz),,,0.00,$13.00,$0.00,,32451,,,,
Snacks,Dot's Pretzels Original Flavor Seasoned Pretzels (35 oz),,,0.00,$18.50,$0.00,,304114,,,,
Snacks,Garden Veggie Straws Variety Snack Pack (30 ct/1 oz),,,0.00,$20.00,$0.00,,293641,,,,
Snacks,"Takis Fuego Spicy Rolled Tortilla Chips Multipack (46 ct/1 oz)
**DISCLAIMER: 2-3 MONTH EXPIRY",,,0.00,$24.50,$0.00,,252672,,,,
Snacks,Pringles Snack Stacks Variety Pack (48 ct),,,0.00,$31.00,$0.00,,68313,,,,
Snacks,"Wise Chips Grab & Snack Variety Pack (50 ct)
**DISCLAIMER: 2-3 MONTH EXPIRY",,,0.00,$25.00,$0.00,,12182,,,,
Snacks,Cape Cod Kettle Cooked Original Reduced Fat (24 ct/1 oz),,,0.00,$16.00,$0.00,,331574,,,,
Snacks,Pirate's Booty (40 ct/0.5 oz),,,0.00,$24.00,$0.00,,259142,,,,
Snacks,SkinnyPop Variety Pack (36 ct),,,0.00,$24.00,$0.00,,221172,,,,
Snacks,PopCorners Variety Pack (28 ct/1 oz),,,0.00,$21.00,$0.00,,338607,,,,
Snacks,Act II Butter Lovers Microwave Popcorn (32 ct/2.75 oz),,,0.00,$15.00,$0.00,,258916,,,,
Snacks,Pepperidge Farm Dark Chocolate Milano Cookies (20 pk/2 ea),,,0.00,$16.00,$0.00,,31439,,,,
Snacks,Goya Maria Cookies (10 Sleeves),,,0.00,$17.00,$0.00,,112430,,,,
Snacks,Tate's Bake Shop Chocolate Chip Cookies (4 pk/3.5 oz),,,0.00,$19.50,$0.00,,305838,,,,
Snacks,"Nabisco Cookies Variety Pack (Oreos, Chips Ahoy, Golden Oreo) (60 ct/2 ea)",,6,6.00,$22.50,$135.00,,69288,,,,
Snacks,Oreo Chocolate Sandwich Cookies (30 pk/2.4 oz),,,0.00,$22.50,$0.00,,71656,,,,
Snacks,Chips Ahoy Cookies Chocolate Chip (40 ct/1.55 oz),,,0.00,$30.00,$0.00,,1141051,,,,
Snacks,Famous Amos Chocolate Chip Cookies (42 ct/2 oz),,,0.00,$28.00,$0.00,,286097,,,,
Snacks,Newtons Soft & Chewy Fig Cookies Snack Packs (24 ct/2 ea),,,0.00,$19.50,$0.00,,34974,,,,
Snacks,Grandma’s Chocolate Chip Cookie (60 ct/2.5 oz),,,0.00,$50.00,$0.00,x,5734900,,,,
Snacks,Grandma’s Oatmeal Raisin Cookie (60 ct/2.5 oz),,,0.00,$50.00,$0.00,,5735121,,,,
Snacks,Grandma's Mini Vanilla Creme Cookie (60 ct/2.12 oz),,,0.00,$48.00,$0.00,,5714506,,,,
Snacks,Lorna Doone Shortbread Cookie (120 ct/1 oz),,,0.00,$53.00,$0.00,,8013021,,,,
Snacks,Darlington Soft Baked Short Bread Cookie (216 ct/.75 oz),,,0.00,$67.00,$0.00,,5015839,,,,
Snacks,"Nilla Wafers Cookies, Vanilla Wafer (2 pk/15 oz)",,,0.00,$17.00,$0.00,,12466,,,,
Snacks,Nutella & Go with Breadsticks (16 ct/1.8 oz),,,0.00,$25.00,$0.00,,128113,,,,
Snacks,Nonnis Cioccolati Biscotti (25 ct),,,0.00,$20.00,$0.00,,332618,,,,
Snacks,Keebler Whole Wheat Animal Crackers (150 ct/1 oz),,,0.00,$73.00,$0.00,,1007536,,,,
Snacks,Pop-Tarts Frosted Variety Pack (48 ct),,,0.00,$18.50,$0.00,,272741,,,,
Snacks,Kellogg's Special K Cereal Bars (60 ct/2 ea),,,0.00,$17.50,$0.00,,289833,,,,
Snacks,Rice Krispies Treats Original (60 ct),,6,6.00,$26.00,$156.00,,113638,,,,
Snacks,Nutri-Grain Bars Variety Pack (48 ct/1.3 oz),,,0.00,$26.00,$0.00,,12332,,,,
Snacks,Kind Snacks Minis Nut Bars Variety Pack (32 ct/0.7 oz),,,0.00,$28.00,$0.00,,171278,,,,
Snacks,Planters Roasted Salted Peanuts (144 ct/1 oz),,,0.00,$60.00,$0.00,,KOW000084,,,,
Snacks,Clif Kid ZBar Variety Pack with 2g Protein (36 ct/1.27 oz),,,0.00,$42.00,$0.00,,18462,,,,
Snacks,Jack Links Beef Jerky Variety Pack (9 ct/1.25 oz),,,0.00,$30.00,$0.00,,274187,,,,
Snacks,Chomps Grass-Fed and Finished Beef Jerky Snack Sticks (10 ct),,,0.00,$36.00,$0.00,,B07D3NS8NW,,,,
Snacks,Nature Valley Oats 'n Honey Granola Bars (49 ct/2 ea),,,0.00,$32.00,$0.00,,21137,,,,
Snacks,Nature Valley Fruit & Nut Trail Mix Chewy Granola Bars (48 ct/1.2 oz),,,0.00,$32.00,$0.00,,21139,,,,
Snacks,Nature Valley Peanut Butter Chocolate Protein Bars (26 ct),,,0.00,$30.00,$0.00,,41116,,,,
Snacks,Cracker Jack Popcorn (9 ct/8.5 oz),,,0.00,$27.00,$0.00,,6981518,,,,
Candy,Ghirardelli Chocolate Assorted Squares Bag (18.8 oz),,,0.00,$24.00,$0.00,,326304,,,,
Candy,Lindt Lindor Assorted Gold Bag (19 oz),,,0.00,$24.00,$0.00,,294585,,,,
Candy,Ferrero Rocher Fine Hazelnut Chocolates (48 ct),,,0.00,$28.00,$0.00,,20457,,,,
Candy,Toblerone Milk Chocolate Bars (6 ct/3.52 oz),,,0.00,$21.00,$0.00,,98576,,,,
Candy,York Snack Size Dark Chocolate Peppermint Patties (175 ct),,,0.00,$29.00,$0.00,,24925,,,,
Candy,Reese's Miniature Peanut Butter Cups (56 oz),,,0.00,$28.50,$0.00,,24375,,,,
Candy,"Snickers, Twix & More Minis Chocolate Candy Bars Variety Pack (200 ct)",,,0.00,$30.00,$0.00,,340338,,,,
Candy,"Hershey's, Kit Kat & Reese's Full Size Chocolate Candy Bars Variety Pack (30 pk/case)",,,0.00,$42.00,$0.00,,15441,,,,
Candy,"Snickers, Twix & More Chocolate Candy Bars, Full-Size Variety Pack (30 ct)",,,0.00,$42.00,$0.00,,19312,,,,
Candy,Twix Full Size Caramel Cookie Chocolate Candy Bars (36 ct/1.79 oz),,,0.00,$62.00,$0.00,,25270,,,,
Candy,Hershey's Full Size Milk Chocolate Candy Bars (36 pk/1.55 oz),,,0.00,$59.00,$0.00,,26671,,,,
Candy,Kit Kat Full Size Milk Chocolate Wafer Candy Bars (36 pk/1.5 oz),,,0.00,$59.00,$0.00,,26719,,,,
Candy,Skittles and Starburst Chewy Candy Full Size Assorted (30 ct),,,0.00,$42.00,$0.00,,226087,,,,
Candy,Swedish Fish Mini Soft & Chewy Candy Snack Packs (24 pk/2 oz),,,0.00,$34.00,$0.00,,11134,,,,
Candy,"Skittles, Starburst & Life Savers Fruity Candy Mini Variety Pack (150 ct)",,,0.00,$25.50,$0.00,,326370,,,,
Candy,Sour Patch Kids and Swedish Fish Mini Variety Pack (200 ct),,,0.00,$28.00,$0.00,,286591,,,,
Candy,Twizzler & Jolly Rancher Variety Pack (260 ct),,,0.00,$24.00,$0.00,,291740,,,,
Candy,Starburst Original Fruity Chewy Candy Bulk Jar (54 oz),,,0.00,$17.00,$0.00,,209156,,,,
Candy,Airheads Candy Bars Variety Pack (60 ct),,,0.00,$16.00,$0.00,,B0017L4PH0,,,,
Candy,Jolly Rancher Assorted Hard Candy (5 lbs),,,0.00,$24.00,$0.00,,12352,,,,
Candy,Werther's Original Caramel Hard Candies (30 oz),,,0.00,$16.00,$0.00,,296672,,,,
Candy,Spangler Dum Dums Original Pops (360 ct),,,0.00,$24.00,$0.00,,25736,,,,
Candy,Charms Blow Pop Assorted (100 ct),,,0.00,$21.00,$0.00,,131164,,,,
Candy,Tootsie Roll Favorites Variety Pack (4.75 lbs),,,0.00,$19.50,$0.00,,226479,,,,
Candy,Life Savers Wint O Blue Breath Mints Bulk Hard Candy (53.95 oz),,,0.00,$18.50,$0.00,,326024,,,,
Candy,Life Savers Wint O Green Breath Mints Bulk Hard Candy (53.95 oz),,,0.00,$18.50,$0.00,,292780,,,,
Candy,Ricola Sugar-free Lemon Mint Herb Throat Drops (130 ct),,,0.00,$17.00,$0.00,,326203,,,,
Candy,Ice Breakers Sugar-Free Cool Mints (8 pk/1.5 oz),,,0.00,$26.00,$0.00,,27908,,,,
Candy,Brachs Softmints Peppermint Carton,,,0.00,$25.00,$0.00,,339167,,,,
Hygiene,Colgate 360 Whole Mouth Clean Toothbrush (8 ct),,,0.00,$22.50,$0.00,,671849,,,,
Hygiene,"Travel Toothbrush Case Multicolor, Plastic (4 pk)",,,0.00,$11.50,$0.00,,B08PHZTXV3,,,,
Hygiene,Gum Crayola Neon Clean Children's Soft Toothbrush (8 ct),,,0.00,$13.00,$0.00,,339609,,,,
Hygiene,Oral-B Glide Dental Floss All-in-One (6 pk),,,0.00,$26.00,$0.00,,337110,,,,
Hygiene,Crest Pro-Health Advanced Multi-Benefit Toothpaste (5 ct/5.8 oz),,,0.00,$25.00,$0.00,,289272,,,,
Hygiene,Sensodyne Advanced Whitening Toothpaste for Sensitive Teeth and Cavity Protection (4 pk/6.5 oz),,,0.00,$46.50,$0.00,,335206,,,,
Hygiene,Colgate MaxFresh Cool Mint Toothpaste (5 pk/7.3 oz),,,0.00,$23.50,$0.00,,287479,,,,
Hygiene,Tom's of Maine Anticavity Kids Toothpaste Variety (3 pk/5.1 oz),,,0.00,$22.00,$0.00,,B0CYTK3DXR,,,,
Hygiene,ACT Kids Bubblegum Blowout Anti-Cavity Rinse (3 ct/16.9 oz),,,0.00,$17.00,$0.00,,30478,,,,
Hygiene,Crest Pro-Health Multi-Protection Mouthwash (3 pk/1L),,,0.00,$21.00,$0.00,,76380,,,,
Hygiene,Neutrogena Daily Makeup Remover Cleansing Wipes (107 ct),,,0.00,$26.00,$0.00,,339396,,,,
Hygiene,Cetaphil Gentle Skin Facial Cleanser (2 ct/20 oz),,,0.00,$39.50,$0.00,,282929,,,,
Hygiene,Neutrogena Oil-Free Salicylic Acid Acne Face Wash (2 pk/9.1 oz),,,0.00,$24.50,$0.00,,269191,,,,
Hygiene,Cetaphil Moisturizing Cream (2 pk/16 oz),,,0.00,$42.00,$0.00,,299833,,,,
Hygiene,Lubriderm Daily Moisture Advanced Therapy Lotion (3 pk),,,0.00,$25.50,$0.00,,224675,,,,
Hygiene,Aveeno Daily Moisturizing Body Lotion For Dry Skin (2 pk/18 fl. oz + 8oz Tube),,,0.00,$28.50,$0.00,,316928,,,,
Hygiene,Eucerin Intensive Repair Body Lotion (2 pk/16.9 oz),,,0.00,$29.00,$0.00,,316022,,,,
Hygiene,Dove Damage Therapy Shampoo (4 pk/12 oz),,,0.00,$31.00,$0.00,,B01INE0KAY,,,,
Hygiene,Dove Damage Therapy Conditioner (4 pk/12 oz),,,0.00,$31.00,$0.00,,B01INE0KWC,,,,
Hygiene,Dove Men+ Care Fortifying 2-in-1 Shampoo and Conditioner (4 pk/12 oz),,,0.00,$31.00,$0.00,,B01INE0P6I,,,,
Hygiene,Dove Beauty Bar White (16 ct),,,0.00,$29.50,$0.00,,244702,,,,
Hygiene,Dove Men + Care Extra Fresh Bar Soap (14 ct),,,0.00,$26.50,$0.00,,244799,,,,
Hygiene,Dove Deep Moisture Renewing Body Wash (3 pk/23 oz),,,0.00,$30.00,$0.00,,307427,,,,
Hygiene,Dove Men+ Care Body Wash (4 ct/18 oz),,,0.00,$46.00,$0.00,,B0837311RV,,,,
Hygiene,Dove Men+ Care Antiperspirant Deodorant Roll-on (4 pk/2.7 oz),,,0.00,$30.00,$0.00,,235380,,,,
Hygiene,Dove Men+ Care Antiperspirant Deodorant Dry Spray (3 pk/3.8 oz),,,0.00,$30.00,$0.00,,322355,,,,
Hygiene,Secret Invisible Solid Antiperspirant and Deodorant (5 pk),,,0.00,$24.00,$0.00,,323875,,,,
Hygiene,Dove Clear Finish Antiperspirant Spray (3 pk/4.8 oz),,,0.00,$32.00,$0.00,,248710,,,,
Hygiene,"Always Ultra Thin Daytime Pads with Wings, Size 1 Regular (3 pk/42 count)",,,0.00,$34.00,$0.00,,B0BG45ZMLB,,,,
Hygiene,"Always Pocket Pads with FlexFoam & Wings, Size 1 Regular (22 count)",,,0.00,$17.00,$0.00,,B0CP8NB26H,,,,
Hygiene,Tampax Pearl Unscented Tampons (96 ct),,,0.00,$30.00,$0.00,,699241,,,,
Hygiene,Dial Foaming Hand Wash Antibacterial & Moisturizing (4 pk/7.5 oz),,,0.00,$19.50,$0.00,,322510,,,,
Hygiene,Purell Prime Advanced Hand Sanitizer (4 pk/8 oz),,,0.00,$31.00,$0.00,,252335,,,,
Hygiene,Wet Ones Antibacterial Wipes Travel Pack (7 pk/20 Wipes),,,0.00,$22.50,$0.00,,295586,,,,
Hygiene,Vaseline Lip with Aloe Chapstick,,,0.00,$24.00,$0.00,,B09RY9XYLS,,,,
Hygiene,Vaseline Original Petroleum Jelly (2 pk/13 oz),,,0.00,$17.00,$0.00,,32140,,,,
Hygiene,Dove Moisturizing Hand Cream (4 ct/3 oz),,,0.00,$28.00,$0.00,,B09F5VKV65,,,,
Hygiene,Coppertone Sport Sunscreen Lotion SPF 50 (6 ct/3 fl. oz),,,0.00,$36.00,$0.00,,B09R5T36JX,,,,
Hygiene,Puffs Plus Lotion Facial Tissue (12 pk/56 sheets),,,0.00,$24.00,$0.00,,320770,,,,
Hygiene,Kleenex Trusted Care 2-Ply Facial Tissues (12 pk/160 sheets),,,0.00,$31.00,$0.00,,292796,,,,
Hygiene,Cottonelle Fresh Care Flushable Wet Wipes (12 pk),,,0.00,$26.00,$0.00,,247557,,,,
Hygiene,"Disposable Facial Mask - adult size (100 ct, Black)",,,0.00,$20.00,$0.00,,B09GNXJTKV,,,,
Hygiene,Pampers Swaddlers Ultra-Absorbent Baby Diapers - Size 5 (140 ct),,,0.00,$74.00,$0.00,,333291,,,,
Hygiene,Pampers Fresh Scent Baby Clean Wipes (15 pk/80 wipes),,,0.00,$42.00,$0.00,,339120,,,,
Hygiene,Huggies Snug & Dry Baby Diapers - Size 5 (186 ct),,,0.00,$79.00,$0.00,,342172,,,,
Hygiene,Nix Lice Treatment & Prevention Kit,,,0.00,$40.00,$0.00,,B0BH8KD8GN,,,,
Supplies,Pendaflex Letter-Size Hanging File Folders (25 pk),,,0.00,$22.00,$0.00,,B01MXC0YS5,,,,
Supplies,Energizer AA Alkaline Batteries (32 ct),,,0.00,$36.00,$0.00,,AP91DP-32,,,,
Supplies,Energizer AAA Alkaline Batteries (32 ct),,,0.00,$36.00,$0.00,,AP92DP-32,,,,
Supplies,Energizer D Alkaline Batteries (12 ct),,,0.00,$36.00,$0.00,,AP95DP-12,,,,
Supplies,Sharpie Assorted Tip Permanent Markers (21 ct),,,0.00,$20.00,$0.00,,324445,,,,
Supplies,EXPO Marker & Dry Erase Set,,,0.00,$26.00,$0.00,,727900,,,,
Supplies,Scotch Heavy Duty Shipping Packaging Tape with Dispenser (4 rolls),,,0.00,$24.50,$0.00,,172701,,,,
Supplies,"Post-it Super Sticky Notes 3"" x 3"" (24 ct/70 sheets)",,,0.00,$24.00,$0.00,,B01D8F5FKS,,,,
Supplies,Glad ForceFlex Tall Kitchen Trash Bags (120 ct/13 gal),,,0.00,$39.50,$0.00,,35596,,,,
Supplies,Swiffer Sweeper Dry and Wet Sweeping Kit,,,0.00,$26.50,$0.00,,331441,,,,
Supplies,O-Cedar EasyWring Microfiber Spin Mop,,,0.00,$64.00,$0.00,,B00WSWGVZQ,,,,
Supplies,Mr. Clean Extra Durable Scrub Magic Eraser Sponges (15 ct),,,0.00,$26.00,$0.00,,300336,,,,
Supplies,"Lysol Disinfectant Spray, Crisp Linen (3 pk/19 oz)",,,0.00,$26.50,$0.00,,259737,,,,
Supplies,Lysol All-Purpose Cleaner (4 ct/32 oz),,,0.00,$21.00,$0.00,,335207,,,,
Supplies,Lysol Advanced Disinfecting Wipes Variety Pack (5 pk/85 sheets),,,0.00,$26.00,$0.00,,337377,,,,
Supplies,Clorox Disinfecting Wipes Value Pack (5 pk/85 sheets),,,0.00,$31.50,$0.00,,241915,,,,
Supplies,Clorox Performance Bleach (3 pk/121 oz),,,0.00,$32.00,$0.00,,242552,,,,
Supplies,Clorox Ultra Clean Bleach Toilet Tablets (6 ct/3.5 oz),,,0.00,$24.00,$0.00,,629581,,,,
Supplies,Dawn Powerwash Fresh Dish Spray (64.5 fl. oz),,,0.00,$21.00,$0.00,,325476,,,,
Supplies,Scotch-Brite Lint Rollers (4 pk/420 sheets),,,0.00,$21.00,$0.00,,336678,,,,
Supplies,Bounty Select-A-Size Paper Towels (12 ct),,,0.00,$46.50,$0.00,,335416,,,,
Supplies,Gain Flings Detergent Pacs - 3in1 Original Scent (4 pk/38 ct),,,0.00,$46.50,$0.00,,265774,,,,
Supplies,Tide POD Laundry Detergent Pacs (4 pk/42 ct),,,0.00,$52.00,$0.00,,325553,,,,
Supplies,Gain Laundry Detergent Aroma Boost (2 pk/65 fl. oz),,,0.00,$24.50,$0.00,,B09NYM2K1P,,,,
Supplies,Gain Original Scent Dryer Sheets (2pk / 160 ct),,,0.00,$18.50,$0.00,,87208,,,,
Supplies,Snuggle Fabric Softener Dryer Sheet (320 ct),,,0.00,$18.50,$0.00,,227942,,,,
Supplies,Downy Ultra Soft Fabric Softener (2 ct/56 oz),,,0.00,$29.00,$0.00,,B07VFPPS3Z,,,,
Supplies,Febreze Fabric Extra Strength Spray with Downy Calm (2 pk),,,0.00,$17.00,$0.00,,336527,,,,
Supplies,Tide Oxi Pens Stain Remover (6 count),,,0.00,$22.00,$0.00,,B07K8YLNVK,,,,
Supplies,"Laundry Bag 28"" x 36"", Heavy Duty (2 bags; color may vary)",,,0.00,$22.00,$0.00,,B08TQXT7D8,,,,
Supplies,USB-C Phone Charger Block (3 ct/6 feet),,,0.00,$35.00,$0.00,,B0CF9WZXVW,,,,
Supplies,Power Strip Surge Protector (2 ct/5 feet),,,0.00,$38.00,$0.00,,B0B181NZ1Y,,,,
Supplies,Digital LED Alarm Clock: Basic Degit & USB Charging Port (Outlet & Battery Operated),,,0.00,$29.00,$0.00,,CR1001E,,,,
Supplies,Revlon Turbo Hair Dryer,,,0.00,$21.50,$0.00,,B003TQPRGY,,,,
Supplies,"17"" Diamond Patch Backpacks Assorted 8 Colors (24 ct)",,,0.00,$196.00,$0.00,,BAPA-300,,,,
Supplies,"17"" Basic Backpack in Black Color (24 ct)",,,0.00,$160.00,$0.00,,BAPA-351-24,,,,
Supplies,"42"" Umbrellas, Windproof and Compact for Teenagers (Black)",,,0.00,$15.00,$0.00,,B078PD34VG,,,,
Supplies,"Fleece Throw Blanket (50"" x 60"")",,,0.00,$24.00,$0.00,,B0157T1ZK2,,,,
Supplies,Drawstring Bag Bulk 10 Colors (100 ct),,,0.00,$150.00,$0.00,,B0BC1BCTXW,,,,
Supplies,"Multicolor Reusable Grocery Bags (24 pk/13.4"" x 10.2"" x 15"")",,,0.00,$48.00,$0.00,,B0CF8LJ84V,,,,
Supplies,Ziploc Storage Bag Variety Pack (347 ct),,,0.00,$24.50,$0.00,,35771,,,,
Supplies,Foldable Utility Cart with Swivel Wheels and Double Basket,,,0.00,$115.00,$0.00,,B09NW2975G,,,,
Supplies,"Cell Phone Locker (24 Slots, Aluminum)",,,0.00,$99.00,$0.00,,B0CZMR9C5T,,,,
Supplies,Waterproof Pencil Pouches - 12 Colors (24 ct),,,0.00,$24.00,$0.00,,B07PS25XP6,,,,
Supplies,First Aid Kit for 100 person (326 pieces),,,0.00,$65.00,$0.00,,B002DQY776,,,,
Supplies,Portable Emergency First Aid Kit (80 pieces),,,0.00,$21.00,$0.00,,B0B41MYSGP,,,,
Supplies,Insulated Stainless 17oz Water Bottle - Color May Vary,,,0.00,$21.00,$0.00,,B0C3B84WZ2,,,,
Supplies,Portable Handheld Turbo Fan Type-C (Green),,,0.00,$29.00,$0.00,,B0DHVHCWQG,,,,
Supplies,Methanol Gel Chafing Dish Fuel 2.5 Hours (72 ct),,,0.00,$72.00,$0.00,,174cgfm2,,,,
Supplies,BIC Multi-Purpose Lighter Set (4 ct),,,0.00,$16.00,$0.00,,14577,,,,
Supplies,Heavy Duty Stainless Steel Can Opener,,,0.00,$15.00,$0.00,,B09NXMDPS1,,,,
Supplies,Hot Hand Warmers Heat Pack,,,0.00,$42.00,$0.00,,B084RKP81T,,,,
Packaging,"Individually Wrapped Sporks (1,000 ct)",,,0.00,$29.00,$0.00,,KOW000133,,,,
Packaging,4 Piece Cutlery Packet (420 ct),,,0.00,$55.00,$0.00,,KOW000039,,,,
Packaging,"9"" Compostable ECO Plates (500 ct)",,,0.00,$55.00,$0.00,,KOW000038,,,,
Packaging,28oz Rectangular Microwavable Container and Lid (150 ct),,,0.00,$55.00,$0.00,,KOW000005,,,,
Packaging,Foil Pan Deep Full Size - LIDS SEPARATE (50 ct),,,0.00,$84.00,$0.00,,KOW000014,,,,
Packaging,Foil Pan Full Size Lids (50 ct),,,0.00,$64.00,$0.00,,KOW000013,,,,
Packaging,"Powder Free Vinyl Gloves (1,000 ct) - Small",,,0.00,$52.00,$0.00,,KOW000052,,,,
Packaging,"Powder Free Vinyl Gloves (1,000 ct) - Medium",,,0.00,$52.00,$0.00,,KOW000051,,,,
Packaging,"Powder Free Vinyl Gloves (1,000 ct) - Large",,,0.00,$52.00,$0.00,,KOW000050,,,,
Packaging,"Powder Free Vinyl Gloves (1,000 ct) - Extra Large",,,0.00,$52.00,$0.00,,KOW000053,,,,
Packaging,"1/8 Small Size White Unprinted T-shirt Bag (1,000 ct)",,,0.00,$42.00,$0.00,,433nht002,,,,
Packaging,"10 oz Hot Cup (1,000 ct)",,,0.00,$55.00,$0.00,,KOM003983,,,,
"Board Games
 - Strategy","Chess (Wooden, Foldable, Magentic)",,,0.00,$48.00,$0.00,,B07XQJH8MP,,,,
"Board Games
 - Strategy",Connect 4,,,0.00,$14.00,$0.00,,B00D8STBHY,,,,
"Board Games
 - Strategy",Mancala,,,0.00,$24.00,$0.00,,B001FA22DC,,,,
"Board Games
 - Strategy",Battleship,,,0.00,$24.00,$0.00,,B06Y1N3PTX,,,,
"Board Games
 - Strategy",Catan,,,0.00,$70.00,$0.00,,B0DYK1ZH2D,,,,
"Board Games
 - Strategy",Ticket to Ride,,,0.00,$77.00,$0.00,,B0F8PKN4B7,,,,
"Board Games
 - Strategy",Sequence,,,0.00,$26.00,$0.00,,B00000IVAK,,,,
"Board Games
 - Strategy",Checkers,,,0.00,$23.00,$0.00,,B0DRPTKXRD,,,,
"Board Games
 - Family",Candy Land Kingdom of Sweet Adventures,,,0.00,$24.00,$0.00,,B00000DMF5,,,,
"Board Games
 - Family",Trouble Game,,,0.00,$14.00,$0.00,,B00D7OAOYI,,,,
"Board Games
 - Family",The Game of Life,,,0.00,$31.00,$0.00,,B06XY48MK1,,,,
"Board Games
 - Family",Clue,,,0.00,$31.00,$0.00,,B0B5FLTTT5,,,,
"Board Games
 - Family",Guess Who?,,,0.00,$24.00,$0.00,,B08MVWB4SC,,,,
"Board Games
 - Family",Guess in 10 - Animal Planet,,,0.00,$28.00,$0.00,,B07RMJ8SG6,,,,
"Board Games
 - Family",Sorry!,,,0.00,$14.00,$0.00,,B076HK9H7Z,,,,
"Board Games
 - Family",Monopoly Classic,,,0.00,$28.00,$0.00,,B0DN37BBGD,,,,
"Board Games
 - Family",Dominoes,,,0.00,$12.00,$0.00,,B07JQ6ZX7Y,,,,
"Board Games 
- Word, Number, Cards",Upwords,,,0.00,$25.00,$0.00,,B0BRT5B6GC,,,,
"Board Games 
- Word, Number, Cards",Five Crowns - GIANT,,,0.00,$28.00,$0.00,,B0FB13P52Y,,,,
"Board Games 
- Word, Number, Cards",Exploding Kittens Original,,,0.00,$28.00,$0.00,,B010TQY7A8,,,,
"Board Games 
- Word, Number, Cards",Taco Cat Goat Cheese Pizza,,,0.00,$14.00,$0.00,,B077Z1R28P,,,,
"Board Games 
- Word, Number, Cards",Clumsy Thief Math Game,,,0.00,$30.00,$0.00,,B00EBCDXCA,,,,
"Board Games 
- Word, Number, Cards",Scrabble Classic,,,0.00,$31.00,$0.00,,B09D44JH4S,,,,
"Board Games 
- Word, Number, Cards",UNO,,,0.00,$17.00,$0.00,,B07P6MZPK3,,,,
"Board Games 
- Skill & Action",Jenga,,,0.00,$23.00,$0.00,,B00ABA0ZOA,,,,
"Board Games 
- Skill & Action",Don’t Break The Ice,,,0.00,$24.00,$0.00,,B01MS6B7BV,,,,
"Board Games 
- Skill & Action","The Sneaky, Snacky Squirrel Game",,,0.00,$31.00,$0.00,,B00486ZVC4,,,,
"Board Games 
- Skill & Action",Feed the Woozle,,,0.00,$34.00,$0.00,,B00L3DQ1B0,,,,
"Board Games 
- Skill & Action",Zingo! Bingo with a Zing,,,0.00,$36.00,$0.00,,B01DY818JG,,,,
"Board Games 
- Skill & Action",Spot It! Classic,,,0.00,$16.00,$0.00,,B08CMRPCKL,,,,
"Board Games 
- Skill & Action",Outfoxed!,,,0.00,$34.00,$0.00,,B00UB7P0XY,,,,
"Board Games 
- Skill & Action",Twister,,,0.00,$28.00,$0.00,,B008J87PVC,,,,
"Board Games 
- Skill & Action",Operation,,,0.00,$28.00,$0.00,,B00000DMFM,,,,
"Board Games 
- Skill & Action",Hungry Hungry Hippos,,,0.00,$28.00,$0.00,,B0C3DNT9W3,,,,
Puzzles,United States Puzzles for Kids (70 pieces),,,0.00,$28.00,$0.00,,B08Y1HQ9K5,,,,
Puzzles,World Shaped Jigsaw Puzzles (68 pieces),,,0.00,$38.00,$0.00,,B003F1E7K0,,,,
Puzzles,Rotating World Globe (8 inch),,,0.00,$40.00,$0.00,,B00RA25TCK,,,,
Puzzles,Wooden Mosaic Puzzle (370 pieces),,,0.00,$28.00,$0.00,,B088H5Z3NH,,,,
Puzzles,Tangram Wooden Puzzle for 60 Challenges,,,0.00,$19.00,$0.00,,B09HGD9VMH,,,,
Puzzles,Tangram Jigsaw Wooden Multicolor Puzzle (40 pieces),,,0.00,$15.00,$0.00,,B07GF9421C,,,,
Chips,"Frito Lay Classic Mix Variety Pack (50 ct/1 oz)
*DISCLAIMER: 1-2 MONTH EXPIRY",,,0.00,$35.00,$0.00,,290671,,,,
Chips,"Frito Lay Flavor Mix Variety Pack (50 ct/1 oz)
*DISCLAIMER: 1-2 MONTH EXPIRY",,,0.00,$35.00,$0.00,,290681,,,,
Custom,"Little Bites Chocolate Muffins (20 ct) 
*DISCLAIMER: 1 MONTH EXPIRY",,,0.00,$20.00,$0.00,,19142,,,,
Custom,"Little Bites Blueberry Muffins (20 ct) 
*DISCLAIMER: 1 MONTH EXPIRY",,,0.00,$20.00,$0.00,,19143,,,,
Fee,Custom Kit Fee (Box. Up To 30 Pieces),,,0.00,$3.50,$0.00,,,,,,
Fee,Custom Kit Fee (Drawstring Bag. Up To 30 Pieces),,,0.00,$5.00,$0.00,,,,,,
Fee,Custom Kit Fee (Box. More Than 30 Pieces),,,0.00,$5.00,$0.00,,,,,,
Fee,Custom Kit Fee (Drawstring Bag. More Than 30 Pieces),,,0.00,$6.50,$0.00,,,,,,
"Christmas
: Candy Cane",Candy Canes Mini (260 ct),,,0.00,$21.00,$0.00,,227021,,,,
"Christmas
: Candy Cane",Candy Canes 3 Flavors (100 ct),,,0.00,$62.00,$0.00,,B0CL59W29Y,**changed from 150 ct to 100 ct due to supply,,,
"Christmas
: Candy Cane",Brach's Softmints Peppermint (350 ct),,,0.00,$24.00,$0.00,,339167,,,,
"Christmas
: Smores",Hershey's Milk Chocolate Bars (10 ct),,,0.00,$17.00,$0.00,,28446,,,,
"Christmas
: Chocolate",Ghirardelli Squares Pepperint Bark (1 lb),,,0.00,$20.00,$0.00,,76382,,,,
"Christmas
: Chocolate",Ghirardelli Snowmen Assorted Bag (15 oz),,,0.00,$20.00,$0.00,,307647,,,,
"Christmas
: Gingerbread House",Christmas Sprinkles (1.7 lbs),,,0.00,$35.00,$0.00,,B09VQRW24D,,,,
"Christmas
: Gingerbread House","Icing Red, White, Blue (3 ct/7 oz)",,,0.00,$25.00,$0.00,,B0F3542526,,,,
"Christmas
: Chocolate",Lindt Assorted Chocolate & Peppermint Snowflakes (43 ct),,,0.00,$20.00,$0.00,,345116,,,,
"Christmas
: Chocolate",Lindt Holiday Peppermint Duo Bag (19 oz),,,0.00,$19.00,$0.00,,295122,,,,
"Christmas
: Gingerbread House","Gingerbread House Kit (2 ct) 
**WHILE SUPPLIES LAST. CANNOT GUARANTEE AGAINST BROKEN KITS. BRAND MIGHT VARY",,,0.00,$17.00,$0.00,,346664,,,,
"Christmas
: Candy","Marshmallow, Mini (12 ct/1 lb)",,,0.00,$28.00,$0.00,,60764,,,,
"Christmas
: Candy","Marshmallow, Regular (12 ct/1 lb)",,,0.00,$32.00,$0.00,,61168,,,,
"Christmas
: Cookies",Grandma's Chocolate Chip Cookie - 2 Cookies per unit (60 ct/2.5 oz),,,0.00,$49.00,$0.00,,5734900,,,,
"Christmas
: Cookies",Grandma's Oatmeal Raisin Cookie - 2 Cookies per unit (60 ct/2.5 oz),,,0.00,$49.00,$0.00,,5735121,,,,
"Christmas
: Cookies",Grandma's Mini Vanilla Creme Cookies (60 ct/2.12 oz),,,0.00,$49.00,$0.00,,5714506,,,,
"Christmas
: Cookies",Cracker Jack Caramel Popcorn (9 ct/8.5 oz),,,0.00,$27.00,$0.00,,6981518,,,,
"Christmas
: Cookies",Darlington Farms Sugar Cookie Wrapped (216 ct/.75 oz),,,0.00,$66.00,$0.00,,5015839,,,,
"Christmas
: Cookies",Lorna Doone Shortbread Cookie - 4 Cookies per unit (120 ct),,,0.00,$45.00,$0.00,,8013021,,,,
"Christmas
: Cookies",Belvita Breakfast Bars Biscuits Gingerbread (25 ct/1.76 oz),,,0.00,$20.00,$0.00,,345320,,,,
"Christmas
: Cookies",Tate's Bake Shop Gingersnap Cookies (13 oz),,,0.00,$13.00,$0.00,,345724,,,,
"Christmas
: Chocolate",Desobry Belgian Chocolate Cookie Assortment (80 ct),,,0.00,$19.00,$0.00,,296062,,,,
"Christmas
: Shelf Stable",Domino Dark Brown Sugar (24 ct/1 lb),,,0.00,$49.00,$0.00,,3002276,,,,
"Christmas
: Protein","Chicken, Roaster Oven Stuffer Frozen ~7-8LB (9 ct)",,,0.00,$190.00,$0.00,,KOM001935,,,,
"Christmas
: K-cup",Mott's Hot Apple Cider K-Cup (96 ct),,,0.00,$84.00,$0.00,,B08BPCDHT5,,,,
"Christmas
: K-cup",The Original Donut Shop Peppermint Bark Light Roast K-Cup (96 ct),,,0.00,$98.00,$0.00,,B07PKPNXP1,,,,
"Christmas
: K-cup",Dunkin’ Medium Roast S’mores Flavored Coffee K-Cup (60 ct),,,0.00,$67.00,$0.00,,B0CLWCJQ1B,,,,
"Christmas
: K-cup",Dunkin’ Polar Peppermint Flavored Coffee K-Cup (60 ct),,,0.00,$67.00,$0.00,,B09YBCBHWB,,,,
"Christmas
: K-cup",Double Donut Caramel Macchiato Flavored Coffee K-Cup (80 ct),,,0.00,$48.00,$0.00,,B07W822QGL,,,,
"Christmas
: Drinks",Martinelli's Gold Medal Sparkling Cider (12 ct/8.4 oz),,,0.00,$25.00,$0.00,,33179,,,,
"Christmas
: Drinks",Welch's Sparkling (4 ct/25.4 oz),,,0.00,$20.00,$0.00,,38190,,,,
"Christmas
: Drinks",Modern Pantry 1% Low Fat Aseptic Milk (12 ct/32 oz),,,0.00,$37.00,$0.00,,1040325,,,,
"Christmas
: Drinks",Aseptic Whole Milk (12 ct/32 oz),,,0.00,$37.00,$0.00,,1323,,,,
"Christmas
: Drinks","8 oz Hot Cup (1,000 ct)",,,0.00,$55.00,$0.00,,KOM003984,,,,
"Christmas
: Shelf Stable",Reddi-Wip Light Cream (12 ct/15 oz),,,0.00,$63.00,$0.00,,7698844,,,,
"Christmas
: Bread","Rockland Bakery 10"" Pumpkin Pie (5 Pie Set)",,,0.00,$135.00,$0.00,,4965,,,,
"Christmas
: Bread","Rockland Bakery 10"" Apple Pie (5 Pie Set)",,,0.00,$135.00,$0.00,,5944,,,,
"Christmas
: Bread","Rockland Bakery, Whole Wheat Bread, Fresh 1.5LB (10 ct)",,,0.00,$50.00,$0.00,,KOM003737,,,,
"Christmas
: Bread","Rockland Bakery, White Bread, Fresh 1.5LB (10 ct)",,,0.00,$50.00,$0.00,,KOM003736,,,,
"Christmas
: Bread","Large Black & White Cookies, Individually Wrapped (5 Dozen Set)",,,0.00,$150.00,$0.00,,3384,,,,
"Christmas
: Bread",Large Chocolate Croissant Individually Wrapped (5 Dozen Set),,,0.00,$150.00,$0.00,,4882,,,,
"Christmas
: Bread",Large Plain Butter Croissant Individually Wrapped (5 Dozen Set),,,0.00,$135.00,$0.00,,8192,,,,
"Christmas
: Bread","Jumbo Loaf Slice Wrapped (5 Dozen Set)
Choose from: Banana Nut, Carrot, Chocolate Chip, Iced Lemon, Marble",,,0.00,$150.00,$0.00,,2841,,,,
"Christmas
: Bread","Large Yogurt Muffin Individually Wrapped (5 Dozen Set)
Choose from: Banana Nut, Blueberry Crumble, Corn, Orange Cranberry, Chocolate Chip, Lemon Poppy",,,0.00,$165.00,$0.00,,12249,,,,
"Christmas
: Bread","Donuts, Individually Wrapped (5 Dozen Set)
Choose from Boston Cream, Jelly, Pink Frosted, Vanilla Frosting, Chocolate Frosting, Double Glazed",,,0.00,$150.00,$0.00,,3402,,,,
"Christmas
: Life",Hand Warmer - 11 Hours Long (80 ct),,,0.00,$42.00,$0.00,,B084RKP81T,,,,
"Christmas
: Life",Blistex Lip Care Variety Pack (11 ct),,,0.00,$17.00,$0.00,,18122,,,,
"Christmas
: Life",Eucerin Hand Lotion (3 ct/2.7 oz),,,0.00,$25.00,$0.00,,B076FYJXGN,,,,
"Christmas
: Life",Knit Scarf - Assorted Colors (25 ct),,,0.00,$280.00,$0.00,,88795,,,,
"Christmas
: Life",Cuffed Beanies - Assorted Colors (25 ct),,,0.00,$150.00,$0.00,,83995,,,,
"Christmas
: Life",48x Winter Beanies and Gloves Combo (24x beanies + 24x pairs gloves),,,0.00,$100.00,$0.00,,B08H4NTHRH,https://www.amazon.com/dp/B08H4BKP38/ref=sspa_dk_detail_1?pd_rd_i=B08H4BKP38&pd_rd_w=4XgXq&content-id=amzn1.sym.953c7d66-4120-4d22-a777-f19dbfa69309&pf_rd_p=953c7d66-4120-4d22-a777-f19dbfa69309&pf_rd_r=F0NWZZ1AX195JYZV2ZQ8&pd_rd_wg=R8wRF&pd_rd_r=06911081-1553-458f-acc1-75ec14f1e1d0&sp_csd=d2lkZ2V0TmFtZT1zcF9kZXRhaWwy&th=1,,,
"Christmas
: Life",12x Pairs Winter Gloves for Kids 6-12 Years - Assorted Colors,,,0.00,$25.00,$0.00,,B07VSZDCZF,https://www.amazon.com/Cooraby-Winter-Gloves-Children-Stretchy/dp/B077Z3SYJ2/ref=sr_1_6?crid=3B9CYIKQA807H&dib=eyJ2IjoiMSJ9.SUESY4idZcjdBguTa8bPG3Ep2L1MywTokrxDolDttB2c_rH2Tzc96uM7xnq50c_jve7O6hs83HloxJ5-LTA_5P8ZLk73RsRT4P2ozQ63sAXOpzN-0WNGBAJFbgXiOPr9PXBaXeF1tt4-yd4CqrV1PRl8s_NF4pzJivAz6FaCX5yUVk-VwU77m50NuTxRdNEXoyEhtal4d5LIaJPX6P_FqZKVrDu7p69NMc5UdXdjnnM3GYDioYlFo1ATIOyZTd4Te164BNyvI_ljhG-ofaIzs3842hcD8FptuDDUEphhpmI.mNzuEmbPW-CqWmLt7To2h3Ytp3a2p4zhUDV-LKro6rA&dib_tag=se&keywords=kids%2Bgloves&qid=1764891132&sprefix=kid%27s%2Bglov%2Caps%2C150&sr=8-6&th=1,,,
,,,-,,,,,,,,,
,,,-,,,,,,,,,
,,,,,,,,,,,,
,,,,,,,,,,,,
,Item (Dorm Room),,,0.00,,,,,,,,
Breakfast,Oatmeal Pouches 3 Flavor Variety Pack (52 ct/1.46 oz),0,,0.00,$1.00,,,26298,,,,
Pantry,Chef Boyardee Variety Cups Microwavable (12 ct/7.5 oz),0,,0.00,$2.00,,,84774,,,,
Pantry,Kraft Mac and Cheese Cups Microwavable (12 ct/2.05 oz),0,,0.00,$2.00,,,32304,,,,
Noodles,Nissin Cup Noodles Chicken Flavor Microwavable (24 ct/2.25 oz),0,,0.00,$1.00,,,144750,,,,
Pantry,Campbell's Chicken Noodle Soup Cans (12 ct/10.75 oz),0,,0.00,$2.00,,,8178,,,,
Breakfast,Bumble Bee Snack Chicken Salad Kit with Crackers (12 pk),0,,0.00,$1.00,,,8660070350,,,,
Breakfast,Bumble Bee Snack Tuna Salad Kit with Crackers (12 pk),0,,0.00,$1.00,,,B0C26RXK4M,,,,
Bars,Kellogg's Special K Cereal Bars (60 ct/2 ea),0,,0.00,$1.00,,,289833,,,,
Cookies,Pop-Tarts Frosted Variety Pack (48 ct),0,,0.00,$1.00,,,272741,,,,
Crackers,Goldfish Crackers Sweet & Savory Variety Snack Packs (45 pk/1.5 oz),0,,0.00,$1.00,,,93647,,,,
Cereals,Kellogg's Breakfast Cereal Cups Variety Pack (96 ct/0.75-1 oz),0,,0.00,$1.00,,,B000CSCP1C,,,,
Beverages,Farmland Shelf Stable 1% Milk (27 ct/8 oz),0,,0.00,$1.00,,,295,,,,
Beverages,"Apple & Eve Fruit Juice Variety Pack (Fruit Punch, Apple, Very Berry) (36 ct/6.7 oz)",0,,0.00,$2.00,,,22230,,,,
Beverages,Capri Sun Flavored Juice Drink Blend Variety Pack (40 ct/6 fl. oz),0,,0.00,$2.00,,,28540,,,,
,Item (Snack Stash),,,0.00,,,,,,,,
Beverages,Farmland Shelf Stable 1% Milk (27 ct/8 oz),0,,0.00,$2.00,,,295,,,,
Beverages,Capri Sun Flavored Juice Drink Blend Variety Pack (40 ct/6 fl. oz),0,,0.00,$2.00,,,28540,,,,
Beverages,Juicy Juice Variety Pack (32 ct/6.75 oz),0,,0.00,$2.00,,,227421,,,,
Fruit Snacks,Welch's Mixed Fruit Snacks (90 ct/0.8 oz),0,,0.00,$1.00,,,235070,,,,
Crackers,Goldfish Crackers Sweet & Savory Variety Snack Packs (45 pk/1.5 oz),0,,0.00,$2.00,,,93647,,,,
Crackers,Cheez-It White Cheddar Baked Snack Pack (45 ct/1.5 oz),0,,0.00,$1.00,,,152630,,,,
Chips,PopCorners Variety Pack (28 ct/1 oz),0,,0.00,$2.00,,,338607,,,,
Chips,Pringles Snack Stacks Variety Pack (48 ct),0,,0.00,$2.00,,,68313,,,,
Chips,Pirate's Booty (40 ct/0.5 oz),0,,0.00,$2.00,,,259142,,,,
Cookies,Pepperidge Farm Dark Chocolate Milano Cookies (20 pk/2 ea),0,,0.00,$2.00,,,31439,,,,
Cookies,Famous Amos Chocolate Chip Cookies (42 ct/2 oz),0,,0.00,$2.00,,,286097,,,,
Cookies,Pop-Tarts Frosted Variety Pack (48 ct),0,,0.00,$2.00,,,272741,,,,
,Item (Guilt-free Goodies),,,0.00,,,,,,,,
Beverages,Farmland Shelf Stable 1% Milk (27 ct/8 oz),0,,0.00,$2.00,,,295,,,,
Beverages,Mott's 100% Original Apple Juice (24 pk/8 fl. oz),0,,0.00,$2.00,,,16548,,,,
Beverages,Gatorade Thirst Quencher Zero Sugar 3-Flavor Pack (28 pk/12 oz),0,,0.00,$2.00,,,222079,,,,
Breakfast,Oatmeal Pouches 3 Flavor Variety Pack (52 ct/1.46 oz),0,,0.00,$1.00,,,26298,,,,
Fruit Snacks,Mott's Fruit Flavored Snacks (90 ct/0.8 oz),0,,0.00,$2.00,,,66002,,,,
Fruit Snacks,Dole Fruit Cups (36 ct/4 oz),0,,0.00,$1.00,,,9324963,,,,
Fruit Snacks,Bare Baked Crunchy Fruit Snacks Variety Pack (18 pk/0.53 oz),0,,0.00,$2.00,,,300037,,,,
Fruit Snacks,Mott's Applesauce Cups No Sugar Added Variety Pack (36 ct/3.9 oz),0,,0.00,$2.00,,,292301,,,,
Snacks,PopCorners Variety Pack (28 ct/1 oz),0,,0.00,$2.00,,,338607,,,,
Bars,Kellogg's Special K Cereal Bars (60 ct/2 ea),0,,0.00,$1.00,,,289833,,,,
Bars,Nature Valley Fruit & Nut Trail Mix Chewy Granola Bars (48 ct/1.2 oz),0,,0.00,$1.00,,,21139,,,,
Bars,Nutri-Grain Bars Variety Pack (48 ct/1.3 oz),0,,0.00,$1.00,,,12332,,,,
Crackers,Snyder's Hanover Mini Pretzels (36 ct/0.92 oz),0,,0.00,$2.00,,,26812,,,,
Chips,Pirate's Booty (40 ct/0.5 oz),0,,0.00,$1.00,,,259142,,,,
,Item (Glow-up Pack),,,0.00,,,,,,,,
Hygiene,Dove Damage Therapy Shampoo (4 pk/12 oz),0,,0.00,$2.00,,,B01INE0KAY,,,,
Hygiene,Dove Damage Therapy Conditioner (4 pk/12 oz),0,,0.00,$2.00,,,B01INE0KWC,,,,
Hygiene,Dove Beauty Bar White (16 ct),0,,0.00,$2.00,,,244702,,,,
Hygiene,Secret Invisible Solid Antiperspirant and Deodorant (5 pk),0,,0.00,$2.00,,,323875,,,,
Hygiene,Dove Men+ Care Antiperspirant Deodorant Roll-on (4 pk/2.7 oz),0,,0.00,$2.00,,,235380,,,,
Hygiene,Neutrogena Daily Makeup Remover Cleansing Wipes (107 ct),0,,0.00,$2.00,,,339396,,,,
Hygiene,Wet Ones Antibacterial Wipes Travel Pack (7 pk/20 Wipes),0,,0.00,$2.00,,,295586,,,,
Hygiene,"Always Ultra Thin Daytime Pads with Wings, Size 1 Regular (3 pk/42 count)",0,,0.00,$1.00,,,B0BG45ZMLB,,,,
Hygiene,Colgate MaxFresh Cool Mint Toothpaste (5 pk/7.3 oz),0,,0.00,$2.00,,,287479,,,,
Hygiene,Coppertone Sport Sunscreen Lotion SPF 50 (6 ct/3 fl. oz),0,,0.00,$1.00,,,B09R5T36JX,,,,
Hygiene,Colgate Toothbrushes Premier Extra Clean (12 ct/case),0,,0.00,$2.00,,,B00I7HPNHS,,,,
,,,,,,,,,,,,
,,,,,,,,,,,,
,,,,,,,,Total Qty: (1 Bundle as 1),20,,,
,,,,,SUBTOTAL, $ 451.00 ,,,,,,
,,,,,DELIVERY, N/A ,,,,,,
,,,,,TAX,EXEMPT,,,,,,
,,,,,TOTAL, $ 451.00 ,,,,,,